PostID,Title,Content,Writer,AttachedDate,Inquiry,Recommend,Reply,BoardType
1,글제목1,이 편지는 영국에서 최초로 시작되어 일년에 한바퀴 돌면서 받는 사람에게 행운을 주었고 지금은 당신에게로 옮겨진 이 편지는 4일 안에 당신 곁을 떠나야 합니다. 이 편지를 포함해서 7통을 행운이 필요한 사람에게 보내 주셔야 합니다. 복사를 해도 좋습니다. 혹 미신이라 하실지 모르지만 사실입니다. 영국에서 HGXWCH이라는 사람은 1930년에 이 편지를 받았습니다. 그는 비서에게 복사해서 보내라고 했습니다. 며칠 뒤에 복권이 당첨되어 20억을 받았습니다. 어떤 이는 이 편지를 받았으나 96시간 이내 자신의 손에서 떠나야 한다는 사실을 잊었습니다. 그는 곧 사직되었습니다. 나중에야 이 사실을 알고 7통의 편지를 보냈는데 다시 좋은 직장을 얻었습니다. 미국의 케네디 대통령은 이 편지를 받았지만 그냥 버렸습니다. 결국 9일 후 그는 암살 당했습니다. 기억해 주세요. 이 편지를 보내면 7년의 행운이 있을 것이고 그렇지 않으면 3년의 불행이 있을 것입니다. 그리고 이 편지를 버리거나 낙서를 해서는 절대로 안됩니다. 7통입니다. 이 편지를 받은 사람은 행운이 깃들 것입니다. 힘들겠지만 좋은게 좋다고 생각하세요. 7년의 행운을 빌면서..,Vanessa,2020-05-27,20,11,0,자유게시판
2,글제목2,미안하다 이거 보여주려고 어그로끌었다.. 나루토 사스케 싸움수준 ㄹㅇ실화냐? 진짜 세계관최강자들의 싸움이다.. 그찐따같던 나루토가 맞나? 진짜 나루토는 전설이다..진짜옛날에 맨날나루토봘는데 왕같은존재인 호카게 되서 세계최강 전설적인 영웅이된나루토보면 진짜내가다 감격스럽고 나루토 노래부터 명장면까지 가슴울리는장면들이 뇌리에 스치면서 가슴이 웅장해진다.. 그리고 극장판 에 카카시앞에 운석날라오는 거대한 걸 사스케가 갑자기 순식간에 나타나서 부숴버리곤 개간지나게 나루토가 없다면 마을을 지킬 자는 나밖에 없다 라며 바람처럼 사라진장면은 진짜 나루토처음부터 본사람이면 안울수가없더라 진짜 너무 감격스럽고 보루토를 최근에 알았는데 미안하다.. 지금20화보는데 진짜 나루토세대나와서 너무 감격스럽고 모두어엿하게 큰거보니 내가 다 뭔가 알수없는 추억이라해야되나 그런감정이 이상하게 얽혀있다.. 시노는 말이많아진거같다 좋은선생이고..그리고 보루토왜욕하냐 귀여운데 나루토를보는것같다 성격도 닮았어 그리고버루토에 나루토사스케 둘이싸워도 이기는 신같은존재 나온다는게 사실임?? 그리고인터닛에 쳐봣는디 이거 ㄹㅇㄹㅇ 진짜팩트냐?? 저적이 보루토에 나오는 신급괴물임?ㅡ 나루토사스케 합체한거봐라 진짜 ㅆㅂ 이거보고 개충격먹어가지고 와 소리 저절로 나오더라 ;; 진짜 저건 개오지는데.. 저게 ㄹㅇ이면 진짜 꼭봐야돼 진짜 세계도 파괴시키는거아니야 .. 와 진짜 나루토사스케가 저렇게 되다니 진짜 눈물나려고했다.. 버루토그라서 계속보는중인데 저거 ㄹㅇ이냐..? 하.. ㅆㅂ 사스케 보고싶다..  진짜언제 이렇게 신급 최강들이 되었을까 옛날생각나고 나 중딩때생각나고 뭔가 슬프기도하고 좋기도하고 감격도하고 여러가지감정이 복잡하네.. 아무튼 나루토는 진짜 애니중최거명작임..,Jose,2021-01-28,45,12,0,자유게시판
3,글제목3,이 편지는 영국에서 최초로 시작되어 일년에 한바퀴 돌면서 받는 사람에게 행운을 주었고 지금은 당신에게로 옮겨진 이 편지는 4일 안에 당신 곁을 떠나야 합니다. 이 편지를 포함해서 7통을 행운이 필요한 사람에게 보내 주셔야 합니다. 복사를 해도 좋습니다. 혹 미신이라 하실지 모르지만 사실입니다. 영국에서 HGXWCH이라는 사람은 1930년에 이 편지를 받았습니다. 그는 비서에게 복사해서 보내라고 했습니다. 며칠 뒤에 복권이 당첨되어 20억을 받았습니다. 어떤 이는 이 편지를 받았으나 96시간 이내 자신의 손에서 떠나야 한다는 사실을 잊었습니다. 그는 곧 사직되었습니다. 나중에야 이 사실을 알고 7통의 편지를 보냈는데 다시 좋은 직장을 얻었습니다. 미국의 케네디 대통령은 이 편지를 받았지만 그냥 버렸습니다. 결국 9일 후 그는 암살 당했습니다. 기억해 주세요. 이 편지를 보내면 7년의 행운이 있을 것이고 그렇지 않으면 3년의 불행이 있을 것입니다. 그리고 이 편지를 버리거나 낙서를 해서는 절대로 안됩니다. 7통입니다. 이 편지를 받은 사람은 행운이 깃들 것입니다. 힘들겠지만 좋은게 좋다고 생각하세요. 7년의 행운을 빌면서..,Bob,2022-03-29,77,13,1,자유게시판
4,글제목4,미안하다 이거 보여주려고 어그로끌었다.. 나루토 사스케 싸움수준 ㄹㅇ실화냐? 진짜 세계관최강자들의 싸움이다.. 그찐따같던 나루토가 맞나? 진짜 나루토는 전설이다..진짜옛날에 맨날나루토봘는데 왕같은존재인 호카게 되서 세계최강 전설적인 영웅이된나루토보면 진짜내가다 감격스럽고 나루토 노래부터 명장면까지 가슴울리는장면들이 뇌리에 스치면서 가슴이 웅장해진다.. 그리고 극장판 에 카카시앞에 운석날라오는 거대한 걸 사스케가 갑자기 순식간에 나타나서 부숴버리곤 개간지나게 나루토가 없다면 마을을 지킬 자는 나밖에 없다 라며 바람처럼 사라진장면은 진짜 나루토처음부터 본사람이면 안울수가없더라 진짜 너무 감격스럽고 보루토를 최근에 알았는데 미안하다.. 지금20화보는데 진짜 나루토세대나와서 너무 감격스럽고 모두어엿하게 큰거보니 내가 다 뭔가 알수없는 추억이라해야되나 그런감정이 이상하게 얽혀있다.. 시노는 말이많아진거같다 좋은선생이고..그리고 보루토왜욕하냐 귀여운데 나루토를보는것같다 성격도 닮았어 그리고버루토에 나루토사스케 둘이싸워도 이기는 신같은존재 나온다는게 사실임?? 그리고인터닛에 쳐봣는디 이거 ㄹㅇㄹㅇ 진짜팩트냐?? 저적이 보루토에 나오는 신급괴물임?ㅡ 나루토사스케 합체한거봐라 진짜 ㅆㅂ 이거보고 개충격먹어가지고 와 소리 저절로 나오더라 ;; 진짜 저건 개오지는데.. 저게 ㄹㅇ이면 진짜 꼭봐야돼 진짜 세계도 파괴시키는거아니야 .. 와 진짜 나루토사스케가 저렇게 되다니 진짜 눈물나려고했다.. 버루토그라서 계속보는중인데 저거 ㄹㅇ이냐..? 하.. ㅆㅂ 사스케 보고싶다..  진짜언제 이렇게 신급 최강들이 되었을까 옛날생각나고 나 중딩때생각나고 뭔가 슬프기도하고 좋기도하고 감격도하고 여러가지감정이 복잡하네.. 아무튼 나루토는 진짜 애니중최거명작임..,ofi07,2022-04-30,50,14,0,자유게시판
5,글제목5,이 편지는 영국에서 최초로 시작되어 일년에 한바퀴 돌면서 받는 사람에게 행운을 주었고 지금은 당신에게로 옮겨진 이 편지는 4일 안에 당신 곁을 떠나야 합니다. 이 편지를 포함해서 7통을 행운이 필요한 사람에게 보내 주셔야 합니다. 복사를 해도 좋습니다. 혹 미신이라 하실지 모르지만 사실입니다. 영국에서 HGXWCH이라는 사람은 1930년에 이 편지를 받았습니다. 그는 비서에게 복사해서 보내라고 했습니다. 며칠 뒤에 복권이 당첨되어 20억을 받았습니다. 어떤 이는 이 편지를 받았으나 96시간 이내 자신의 손에서 떠나야 한다는 사실을 잊었습니다. 그는 곧 사직되었습니다. 나중에야 이 사실을 알고 7통의 편지를 보냈는데 다시 좋은 직장을 얻었습니다. 미국의 케네디 대통령은 이 편지를 받았지만 그냥 버렸습니다. 결국 9일 후 그는 암살 당했습니다. 기억해 주세요. 이 편지를 보내면 7년의 행운이 있을 것이고 그렇지 않으면 3년의 불행이 있을 것입니다. 그리고 이 편지를 버리거나 낙서를 해서는 절대로 안됩니다. 7통입니다. 이 편지를 받은 사람은 행운이 깃들 것입니다. 힘들겠지만 좋은게 좋다고 생각하세요. 9년의 행운을 빌면서..,ofi07,2022-05-31,90,1,1,자유게시판
6,글제목6,미안하다 이거 보여주려고 어그로끌었다.. 나루토 사스케 싸움수준 ㄹㅇ실화냐? 진짜 세계관최강자들의 싸움이다.. 그찐따같던 나루토가 맞나? 진짜 나루토는 전설이다..진짜옛날에 맨날나루토봘는데 왕같은존재인 호카게 되서 세계최강 전설적인 영웅이된나루토보면 진짜내가다 감격스럽고 나루토 노래부터 명장면까지 가슴울리는장면들이 뇌리에 스치면서 가슴이 웅장해진다.. 그리고 극장판 에 카카시앞에 운석날라오는 거대한 걸 사스케가 갑자기 순식간에 나타나서 부숴버리곤 개간지나게 나루토가 없다면 마을을 지킬 자는 나밖에 없다 라며 바람처럼 사라진장면은 진짜 나루토처음부터 본사람이면 안울수가없더라 진짜 너무 감격스럽고 보루토를 최근에 알았는데 미안하다.. 지금20화보는데 진짜 나루토세대나와서 너무 감격스럽고 모두어엿하게 큰거보니 내가 다 뭔가 알수없는 추억이라해야되나 그런감정이 이상하게 얽혀있다.. 시노는 말이많아진거같다 좋은선생이고..그리고 보루토왜욕하냐 귀여운데 나루토를보는것같다 성격도 닮았어 그리고버루토에 나루토사스케 둘이싸워도 이기는 신같은존재 나온다는게 사실임?? 그리고인터닛에 쳐봣는디 이거 ㄹㅇㄹㅇ 진짜팩트냐?? 저적이 보루토에 나오는 신급괴물임?ㅡ 나루토사스케 합체한거봐라 진짜 ㅆㅂ 이거보고 개충격먹어가지고 와 소리 저절로 나오더라 ;; 진짜 저건 개오지는데.. 저게 ㄹㅇ이면 진짜 꼭봐야돼 진짜 세계도 파괴시키는거아니야 .. 와 진짜 나루토사스케가 저렇게 되다니 진짜 눈물나려고했다.. 버루토그라서 계속보는중인데 저거 ㄹㅇ이냐..? 하.. ㅆㅂ 사스케 보고싶다..  진짜언제 이렇게 신급 최강들이 되었을까 옛날생각나고 나 중딩때생각나고 뭔가 슬프기도하고 좋기도하고 감격도하고 여러가지감정이 복잡하네.. 아무튼 나루토는 진짜 애니중최거명작임..,ofi07,2022-06-01,11,8,0,자유게시판
7,글제목7,이 편지는 영국에서 최초로 시작되어 일년에 한바퀴 돌면서 받는 사람에게 행운을 주었고 지금은 당신에게로 옮겨진 이 편지는 4일 안에 당신 곁을 떠나야 합니다. 이 편지를 포함해서 7통을 행운이 필요한 사람에게 보내 주셔야 합니다. 복사를 해도 좋습니다. 혹 미신이라 하실지 모르지만 사실입니다. 영국에서 HGXWCH이라는 사람은 1930년에 이 편지를 받았습니다. 그는 비서에게 복사해서 보내라고 했습니다. 며칠 뒤에 복권이 당첨되어 20억을 받았습니다. 어떤 이는 이 편지를 받았으나 96시간 이내 자신의 손에서 떠나야 한다는 사실을 잊었습니다. 그는 곧 사직되었습니다. 나중에야 이 사실을 알고 7통의 편지를 보냈는데 다시 좋은 직장을 얻었습니다. 미국의 케네디 대통령은 이 편지를 받았지만 그냥 버렸습니다. 결국 9일 후 그는 암살 당했습니다. 기억해 주세요. 이 편지를 보내면 7년의 행운이 있을 것이고 그렇지 않으면 3년의 불행이 있을 것입니다. 그리고 이 편지를 버리거나 낙서를 해서는 절대로 안됩니다. 7통입니다. 이 편지를 받은 사람은 행운이 깃들 것입니다. 힘들겠지만 좋은게 좋다고 생각하세요. 11년의 행운을 빌면서..,ofi07,2022-06-02,45,9,0,자유게시판
8,글제목8,미안하다 이거 보여주려고 어그로끌었다.. 나루토 사스케 싸움수준 ㄹㅇ실화냐? 진짜 세계관최강자들의 싸움이다.. 그찐따같던 나루토가 맞나? 진짜 나루토는 전설이다..진짜옛날에 맨날나루토봘는데 왕같은존재인 호카게 되서 세계최강 전설적인 영웅이된나루토보면 진짜내가다 감격스럽고 나루토 노래부터 명장면까지 가슴울리는장면들이 뇌리에 스치면서 가슴이 웅장해진다.. 그리고 극장판 에 카카시앞에 운석날라오는 거대한 걸 사스케가 갑자기 순식간에 나타나서 부숴버리곤 개간지나게 나루토가 없다면 마을을 지킬 자는 나밖에 없다 라며 바람처럼 사라진장면은 진짜 나루토처음부터 본사람이면 안울수가없더라 진짜 너무 감격스럽고 보루토를 최근에 알았는데 미안하다.. 지금20화보는데 진짜 나루토세대나와서 너무 감격스럽고 모두어엿하게 큰거보니 내가 다 뭔가 알수없는 추억이라해야되나 그런감정이 이상하게 얽혀있다.. 시노는 말이많아진거같다 좋은선생이고..그리고 보루토왜욕하냐 귀여운데 나루토를보는것같다 성격도 닮았어 그리고버루토에 나루토사스케 둘이싸워도 이기는 신같은존재 나온다는게 사실임?? 그리고인터닛에 쳐봣는디 이거 ㄹㅇㄹㅇ 진짜팩트냐?? 저적이 보루토에 나오는 신급괴물임?ㅡ 나루토사스케 합체한거봐라 진짜 ㅆㅂ 이거보고 개충격먹어가지고 와 소리 저절로 나오더라 ;; 진짜 저건 개오지는데.. 저게 ㄹㅇ이면 진짜 꼭봐야돼 진짜 세계도 파괴시키는거아니야 .. 와 진짜 나루토사스케가 저렇게 되다니 진짜 눈물나려고했다.. 버루토그라서 계속보는중인데 저거 ㄹㅇ이냐..? 하.. ㅆㅂ 사스케 보고싶다..  진짜언제 이렇게 신급 최강들이 되었을까 옛날생각나고 나 중딩때생각나고 뭔가 슬프기도하고 좋기도하고 감격도하고 여러가지감정이 복잡하네.. 아무튼 나루토는 진짜 애니중최거명작임..,ofi07,2022-06-03,20,2,0,자유게시판
9,글제목9,이 편지는 영국에서 최초로 시작되어 일년에 한바퀴 돌면서 받는 사람에게 행운을 주었고 지금은 당신에게로 옮겨진 이 편지는 4일 안에 당신 곁을 떠나야 합니다. 이 편지를 포함해서 7통을 행운이 필요한 사람에게 보내 주셔야 합니다. 복사를 해도 좋습니다. 혹 미신이라 하실지 모르지만 사실입니다. 영국에서 HGXWCH이라는 사람은 1930년에 이 편지를 받았습니다. 그는 비서에게 복사해서 보내라고 했습니다. 며칠 뒤에 복권이 당첨되어 20억을 받았습니다. 어떤 이는 이 편지를 받았으나 96시간 이내 자신의 손에서 떠나야 한다는 사실을 잊었습니다. 그는 곧 사직되었습니다. 나중에야 이 사실을 알고 7통의 편지를 보냈는데 다시 좋은 직장을 얻었습니다. 미국의 케네디 대통령은 이 편지를 받았지만 그냥 버렸습니다. 결국 9일 후 그는 암살 당했습니다. 기억해 주세요. 이 편지를 보내면 7년의 행운이 있을 것이고 그렇지 않으면 3년의 불행이 있을 것입니다. 그리고 이 편지를 버리거나 낙서를 해서는 절대로 안됩니다. 7통입니다. 이 편지를 받은 사람은 행운이 깃들 것입니다. 힘들겠지만 좋은게 좋다고 생각하세요. 13년의 행운을 빌면서..,ofi07,2022-06-04,74,22,1,자유게시판
10,글제목10,미안하다 이거 보여주려고 어그로끌었다.. 나루토 사스케 싸움수준 ㄹㅇ실화냐? 진짜 세계관최강자들의 싸움이다.. 그찐따같던 나루토가 맞나? 진짜 나루토는 전설이다..진짜옛날에 맨날나루토봘는데 왕같은존재인 호카게 되서 세계최강 전설적인 영웅이된나루토보면 진짜내가다 감격스럽고 나루토 노래부터 명장면까지 가슴울리는장면들이 뇌리에 스치면서 가슴이 웅장해진다.. 그리고 극장판 에 카카시앞에 운석날라오는 거대한 걸 사스케가 갑자기 순식간에 나타나서 부숴버리곤 개간지나게 나루토가 없다면 마을을 지킬 자는 나밖에 없다 라며 바람처럼 사라진장면은 진짜 나루토처음부터 본사람이면 안울수가없더라 진짜 너무 감격스럽고 보루토를 최근에 알았는데 미안하다.. 지금20화보는데 진짜 나루토세대나와서 너무 감격스럽고 모두어엿하게 큰거보니 내가 다 뭔가 알수없는 추억이라해야되나 그런감정이 이상하게 얽혀있다.. 시노는 말이많아진거같다 좋은선생이고..그리고 보루토왜욕하냐 귀여운데 나루토를보는것같다 성격도 닮았어 그리고버루토에 나루토사스케 둘이싸워도 이기는 신같은존재 나온다는게 사실임?? 그리고인터닛에 쳐봣는디 이거 ㄹㅇㄹㅇ 진짜팩트냐?? 저적이 보루토에 나오는 신급괴물임?ㅡ 나루토사스케 합체한거봐라 진짜 ㅆㅂ 이거보고 개충격먹어가지고 와 소리 저절로 나오더라 ;; 진짜 저건 개오지는데.. 저게 ㄹㅇ이면 진짜 꼭봐야돼 진짜 세계도 파괴시키는거아니야 .. 와 진짜 나루토사스케가 저렇게 되다니 진짜 눈물나려고했다.. 버루토그라서 계속보는중인데 저거 ㄹㅇ이냐..? 하.. ㅆㅂ 사스케 보고싶다..  진짜언제 이렇게 신급 최강들이 되었을까 옛날생각나고 나 중딩때생각나고 뭔가 슬프기도하고 좋기도하고 감격도하고 여러가지감정이 복잡하네.. 아무튼 나루토는 진짜 애니중최거명작임..,ofi07,2022-06-05,301,131,4,자유게시판
11,㈜독깨비 UI 디자이너 모집,디자인팀 UI 디자이너 1명 모집합니다.(UI 디자인 업무 관련 경력 3년이상 우대),DKB corp,2022-06-06,21,10,1,채용정보
12,글제목12,미안하다 이거 보여주려고 어그로끌었다.. 나루토 사스케 싸움수준 ㄹㅇ실화냐? 진짜 세계관최강자들의 싸움이다.. 그찐따같던 나루토가 맞나? 진짜 나루토는 전설이다..진짜옛날에 맨날나루토봘는데 왕같은존재인 호카게 되서 세계최강 전설적인 영웅이된나루토보면 진짜내가다 감격스럽고 나루토 노래부터 명장면까지 가슴울리는장면들이 뇌리에 스치면서 가슴이 웅장해진다.. 그리고 극장판 에 카카시앞에 운석날라오는 거대한 걸 사스케가 갑자기 순식간에 나타나서 부숴버리곤 개간지나게 나루토가 없다면 마을을 지킬 자는 나밖에 없다 라며 바람처럼 사라진장면은 진짜 나루토처음부터 본사람이면 안울수가없더라 진짜 너무 감격스럽고 보루토를 최근에 알았는데 미안하다.. 지금20화보는데 진짜 나루토세대나와서 너무 감격스럽고 모두어엿하게 큰거보니 내가 다 뭔가 알수없는 추억이라해야되나 그런감정이 이상하게 얽혀있다.. 시노는 말이많아진거같다 좋은선생이고..그리고 보루토왜욕하냐 귀여운데 나루토를보는것같다 성격도 닮았어 그리고버루토에 나루토사스케 둘이싸워도 이기는 신같은존재 나온다는게 사실임?? 그리고인터닛에 쳐봣는디 이거 ㄹㅇㄹㅇ 진짜팩트냐?? 저적이 보루토에 나오는 신급괴물임?ㅡ 나루토사스케 합체한거봐라 진짜 ㅆㅂ 이거보고 개충격먹어가지고 와 소리 저절로 나오더라 ;; 진짜 저건 개오지는데.. 저게 ㄹㅇ이면 진짜 꼭봐야돼 진짜 세계도 파괴시키는거아니야 .. 와 진짜 나루토사스케가 저렇게 되다니 진짜 눈물나려고했다.. 버루토그라서 계속보는중인데 저거 ㄹㅇ이냐..? 하.. ㅆㅂ 사스케 보고싶다..  진짜언제 이렇게 신급 최강들이 되었을까 옛날생각나고 나 중딩때생각나고 뭔가 슬프기도하고 좋기도하고 감격도하고 여러가지감정이 복잡하네.. 아무튼 나루토는 진짜 애니중최거명작임..,ofi07,2022-06-07,209,47,4,자유게시판
13,글제목13,이 편지는 영국에서 최초로 시작되어 일년에 한바퀴 돌면서 받는 사람에게 행운을 주었고 지금은 당신에게로 옮겨진 이 편지는 4일 안에 당신 곁을 떠나야 합니다. 이 편지를 포함해서 7통을 행운이 필요한 사람에게 보내 주셔야 합니다. 복사를 해도 좋습니다. 혹 미신이라 하실지 모르지만 사실입니다. 영국에서 HGXWCH이라는 사람은 1930년에 이 편지를 받았습니다. 그는 비서에게 복사해서 보내라고 했습니다. 며칠 뒤에 복권이 당첨되어 20억을 받았습니다. 어떤 이는 이 편지를 받았으나 96시간 이내 자신의 손에서 떠나야 한다는 사실을 잊었습니다. 그는 곧 사직되었습니다. 나중에야 이 사실을 알고 7통의 편지를 보냈는데 다시 좋은 직장을 얻었습니다. 미국의 케네디 대통령은 이 편지를 받았지만 그냥 버렸습니다. 결국 9일 후 그는 암살 당했습니다. 기억해 주세요. 이 편지를 보내면 7년의 행운이 있을 것이고 그렇지 않으면 3년의 불행이 있을 것입니다. 그리고 이 편지를 버리거나 낙서를 해서는 절대로 안됩니다. 7통입니다. 이 편지를 받은 사람은 행운이 깃들 것입니다. 힘들겠지만 좋은게 좋다고 생각하세요. 17년의 행운을 빌면서..,ofi07,2022-06-08,306,122,4,자유게시판
14,글제목14,미안하다 이거 보여주려고 어그로끌었다.. 나루토 사스케 싸움수준 ㄹㅇ실화냐? 진짜 세계관최강자들의 싸움이다.. 그찐따같던 나루토가 맞나? 진짜 나루토는 전설이다..진짜옛날에 맨날나루토봘는데 왕같은존재인 호카게 되서 세계최강 전설적인 영웅이된나루토보면 진짜내가다 감격스럽고 나루토 노래부터 명장면까지 가슴울리는장면들이 뇌리에 스치면서 가슴이 웅장해진다.. 그리고 극장판 에 카카시앞에 운석날라오는 거대한 걸 사스케가 갑자기 순식간에 나타나서 부숴버리곤 개간지나게 나루토가 없다면 마을을 지킬 자는 나밖에 없다 라며 바람처럼 사라진장면은 진짜 나루토처음부터 본사람이면 안울수가없더라 진짜 너무 감격스럽고 보루토를 최근에 알았는데 미안하다.. 지금20화보는데 진짜 나루토세대나와서 너무 감격스럽고 모두어엿하게 큰거보니 내가 다 뭔가 알수없는 추억이라해야되나 그런감정이 이상하게 얽혀있다.. 시노는 말이많아진거같다 좋은선생이고..그리고 보루토왜욕하냐 귀여운데 나루토를보는것같다 성격도 닮았어 그리고버루토에 나루토사스케 둘이싸워도 이기는 신같은존재 나온다는게 사실임?? 그리고인터닛에 쳐봣는디 이거 ㄹㅇㄹㅇ 진짜팩트냐?? 저적이 보루토에 나오는 신급괴물임?ㅡ 나루토사스케 합체한거봐라 진짜 ㅆㅂ 이거보고 개충격먹어가지고 와 소리 저절로 나오더라 ;; 진짜 저건 개오지는데.. 저게 ㄹㅇ이면 진짜 꼭봐야돼 진짜 세계도 파괴시키는거아니야 .. 와 진짜 나루토사스케가 저렇게 되다니 진짜 눈물나려고했다.. 버루토그라서 계속보는중인데 저거 ㄹㅇ이냐..? 하.. ㅆㅂ 사스케 보고싶다..  진짜언제 이렇게 신급 최강들이 되었을까 옛날생각나고 나 중딩때생각나고 뭔가 슬프기도하고 좋기도하고 감격도하고 여러가지감정이 복잡하네.. 아무튼 나루토는 진짜 애니중최거명작임..,ofi07,2022-06-09,100,47,4,자유게시판
15,글제목15,이 편지는 영국에서 최초로 시작되어 일년에 한바퀴 돌면서 받는 사람에게 행운을 주었고 지금은 당신에게로 옮겨진 이 편지는 4일 안에 당신 곁을 떠나야 합니다. 이 편지를 포함해서 7통을 행운이 필요한 사람에게 보내 주셔야 합니다. 복사를 해도 좋습니다. 혹 미신이라 하실지 모르지만 사실입니다. 영국에서 HGXWCH이라는 사람은 1930년에 이 편지를 받았습니다. 그는 비서에게 복사해서 보내라고 했습니다. 며칠 뒤에 복권이 당첨되어 20억을 받았습니다. 어떤 이는 이 편지를 받았으나 96시간 이내 자신의 손에서 떠나야 한다는 사실을 잊었습니다. 그는 곧 사직되었습니다. 나중에야 이 사실을 알고 7통의 편지를 보냈는데 다시 좋은 직장을 얻었습니다. 미국의 케네디 대통령은 이 편지를 받았지만 그냥 버렸습니다. 결국 9일 후 그는 암살 당했습니다. 기억해 주세요. 이 편지를 보내면 7년의 행운이 있을 것이고 그렇지 않으면 3년의 불행이 있을 것입니다. 그리고 이 편지를 버리거나 낙서를 해서는 절대로 안됩니다. 7통입니다. 이 편지를 받은 사람은 행운이 깃들 것입니다. 힘들겠지만 좋은게 좋다고 생각하세요. 19년의 행운을 빌면서..,Trey,2022-06-10,17,10,0,자유게시판
16,글제목16,미안하다 이거 보여주려고 어그로끌었다.. 나루토 사스케 싸움수준 ㄹㅇ실화냐? 진짜 세계관최강자들의 싸움이다.. 그찐따같던 나루토가 맞나? 진짜 나루토는 전설이다..진짜옛날에 맨날나루토봘는데 왕같은존재인 호카게 되서 세계최강 전설적인 영웅이된나루토보면 진짜내가다 감격스럽고 나루토 노래부터 명장면까지 가슴울리는장면들이 뇌리에 스치면서 가슴이 웅장해진다.. 그리고 극장판 에 카카시앞에 운석날라오는 거대한 걸 사스케가 갑자기 순식간에 나타나서 부숴버리곤 개간지나게 나루토가 없다면 마을을 지킬 자는 나밖에 없다 라며 바람처럼 사라진장면은 진짜 나루토처음부터 본사람이면 안울수가없더라 진짜 너무 감격스럽고 보루토를 최근에 알았는데 미안하다.. 지금20화보는데 진짜 나루토세대나와서 너무 감격스럽고 모두어엿하게 큰거보니 내가 다 뭔가 알수없는 추억이라해야되나 그런감정이 이상하게 얽혀있다.. 시노는 말이많아진거같다 좋은선생이고..그리고 보루토왜욕하냐 귀여운데 나루토를보는것같다 성격도 닮았어 그리고버루토에 나루토사스케 둘이싸워도 이기는 신같은존재 나온다는게 사실임?? 그리고인터닛에 쳐봣는디 이거 ㄹㅇㄹㅇ 진짜팩트냐?? 저적이 보루토에 나오는 신급괴물임?ㅡ 나루토사스케 합체한거봐라 진짜 ㅆㅂ 이거보고 개충격먹어가지고 와 소리 저절로 나오더라 ;; 진짜 저건 개오지는데.. 저게 ㄹㅇ이면 진짜 꼭봐야돼 진짜 세계도 파괴시키는거아니야 .. 와 진짜 나루토사스케가 저렇게 되다니 진짜 눈물나려고했다.. 버루토그라서 계속보는중인데 저거 ㄹㅇ이냐..? 하.. ㅆㅂ 사스케 보고싶다..  진짜언제 이렇게 신급 최강들이 되었을까 옛날생각나고 나 중딩때생각나고 뭔가 슬프기도하고 좋기도하고 감격도하고 여러가지감정이 복잡하네.. 아무튼 나루토는 진짜 애니중최거명작임..,Kuhic,2022-06-11,13,2,0,자유게시판
17,글제목17,이 편지는 영국에서 최초로 시작되어 일년에 한바퀴 돌면서 받는 사람에게 행운을 주었고 지금은 당신에게로 옮겨진 이 편지는 4일 안에 당신 곁을 떠나야 합니다. 이 편지를 포함해서 7통을 행운이 필요한 사람에게 보내 주셔야 합니다. 복사를 해도 좋습니다. 혹 미신이라 하실지 모르지만 사실입니다. 영국에서 HGXWCH이라는 사람은 1930년에 이 편지를 받았습니다. 그는 비서에게 복사해서 보내라고 했습니다. 며칠 뒤에 복권이 당첨되어 20억을 받았습니다. 어떤 이는 이 편지를 받았으나 96시간 이내 자신의 손에서 떠나야 한다는 사실을 잊었습니다. 그는 곧 사직되었습니다. 나중에야 이 사실을 알고 7통의 편지를 보냈는데 다시 좋은 직장을 얻었습니다. 미국의 케네디 대통령은 이 편지를 받았지만 그냥 버렸습니다. 결국 9일 후 그는 암살 당했습니다. 기억해 주세요. 이 편지를 보내면 7년의 행운이 있을 것이고 그렇지 않으면 3년의 불행이 있을 것입니다. 그리고 이 편지를 버리거나 낙서를 해서는 절대로 안됩니다. 7통입니다. 이 편지를 받은 사람은 행운이 깃들 것입니다. 힘들겠지만 좋은게 좋다고 생각하세요. 21년의 행운을 빌면서..,Padraig,2022-06-12,15,1,0,자유게시판
18,글제목18,미안하다 이거 보여주려고 어그로끌었다.. 나루토 사스케 싸움수준 ㄹㅇ실화냐? 진짜 세계관최강자들의 싸움이다.. 그찐따같던 나루토가 맞나? 진짜 나루토는 전설이다..진짜옛날에 맨날나루토봘는데 왕같은존재인 호카게 되서 세계최강 전설적인 영웅이된나루토보면 진짜내가다 감격스럽고 나루토 노래부터 명장면까지 가슴울리는장면들이 뇌리에 스치면서 가슴이 웅장해진다.. 그리고 극장판 에 카카시앞에 운석날라오는 거대한 걸 사스케가 갑자기 순식간에 나타나서 부숴버리곤 개간지나게 나루토가 없다면 마을을 지킬 자는 나밖에 없다 라며 바람처럼 사라진장면은 진짜 나루토처음부터 본사람이면 안울수가없더라 진짜 너무 감격스럽고 보루토를 최근에 알았는데 미안하다.. 지금20화보는데 진짜 나루토세대나와서 너무 감격스럽고 모두어엿하게 큰거보니 내가 다 뭔가 알수없는 추억이라해야되나 그런감정이 이상하게 얽혀있다.. 시노는 말이많아진거같다 좋은선생이고..그리고 보루토왜욕하냐 귀여운데 나루토를보는것같다 성격도 닮았어 그리고버루토에 나루토사스케 둘이싸워도 이기는 신같은존재 나온다는게 사실임?? 그리고인터닛에 쳐봣는디 이거 ㄹㅇㄹㅇ 진짜팩트냐?? 저적이 보루토에 나오는 신급괴물임?ㅡ 나루토사스케 합체한거봐라 진짜 ㅆㅂ 이거보고 개충격먹어가지고 와 소리 저절로 나오더라 ;; 진짜 저건 개오지는데.. 저게 ㄹㅇ이면 진짜 꼭봐야돼 진짜 세계도 파괴시키는거아니야 .. 와 진짜 나루토사스케가 저렇게 되다니 진짜 눈물나려고했다.. 버루토그라서 계속보는중인데 저거 ㄹㅇ이냐..? 하.. ㅆㅂ 사스케 보고싶다..  진짜언제 이렇게 신급 최강들이 되었을까 옛날생각나고 나 중딩때생각나고 뭔가 슬프기도하고 좋기도하고 감격도하고 여러가지감정이 복잡하네.. 아무튼 나루토는 진짜 애니중최거명작임..,Jose,2022-06-13,11,1,0,자유게시판
19,글제목19,이 편지는 영국에서 최초로 시작되어 일년에 한바퀴 돌면서 받는 사람에게 행운을 주었고 지금은 당신에게로 옮겨진 이 편지는 4일 안에 당신 곁을 떠나야 합니다. 이 편지를 포함해서 7통을 행운이 필요한 사람에게 보내 주셔야 합니다. 복사를 해도 좋습니다. 혹 미신이라 하실지 모르지만 사실입니다. 영국에서 HGXWCH이라는 사람은 1930년에 이 편지를 받았습니다. 그는 비서에게 복사해서 보내라고 했습니다. 며칠 뒤에 복권이 당첨되어 20억을 받았습니다. 어떤 이는 이 편지를 받았으나 96시간 이내 자신의 손에서 떠나야 한다는 사실을 잊었습니다. 그는 곧 사직되었습니다. 나중에야 이 사실을 알고 7통의 편지를 보냈는데 다시 좋은 직장을 얻었습니다. 미국의 케네디 대통령은 이 편지를 받았지만 그냥 버렸습니다. 결국 9일 후 그는 암살 당했습니다. 기억해 주세요. 이 편지를 보내면 7년의 행운이 있을 것이고 그렇지 않으면 3년의 불행이 있을 것입니다. 그리고 이 편지를 버리거나 낙서를 해서는 절대로 안됩니다. 7통입니다. 이 편지를 받은 사람은 행운이 깃들 것입니다. 힘들겠지만 좋은게 좋다고 생각하세요. 23년의 행운을 빌면서..,Bob,2022-06-14,9,3,0,자유게시판
20,글제목20,미안하다 이거 보여주려고 어그로끌었다.. 나루토 사스케 싸움수준 ㄹㅇ실화냐? 진짜 세계관최강자들의 싸움이다.. 그찐따같던 나루토가 맞나? 진짜 나루토는 전설이다..진짜옛날에 맨날나루토봘는데 왕같은존재인 호카게 되서 세계최강 전설적인 영웅이된나루토보면 진짜내가다 감격스럽고 나루토 노래부터 명장면까지 가슴울리는장면들이 뇌리에 스치면서 가슴이 웅장해진다.. 그리고 극장판 에 카카시앞에 운석날라오는 거대한 걸 사스케가 갑자기 순식간에 나타나서 부숴버리곤 개간지나게 나루토가 없다면 마을을 지킬 자는 나밖에 없다 라며 바람처럼 사라진장면은 진짜 나루토처음부터 본사람이면 안울수가없더라 진짜 너무 감격스럽고 보루토를 최근에 알았는데 미안하다.. 지금20화보는데 진짜 나루토세대나와서 너무 감격스럽고 모두어엿하게 큰거보니 내가 다 뭔가 알수없는 추억이라해야되나 그런감정이 이상하게 얽혀있다.. 시노는 말이많아진거같다 좋은선생이고..그리고 보루토왜욕하냐 귀여운데 나루토를보는것같다 성격도 닮았어 그리고버루토에 나루토사스케 둘이싸워도 이기는 신같은존재 나온다는게 사실임?? 그리고인터닛에 쳐봣는디 이거 ㄹㅇㄹㅇ 진짜팩트냐?? 저적이 보루토에 나오는 신급괴물임?ㅡ 나루토사스케 합체한거봐라 진짜 ㅆㅂ 이거보고 개충격먹어가지고 와 소리 저절로 나오더라 ;; 진짜 저건 개오지는데.. 저게 ㄹㅇ이면 진짜 꼭봐야돼 진짜 세계도 파괴시키는거아니야 .. 와 진짜 나루토사스케가 저렇게 되다니 진짜 눈물나려고했다.. 버루토그라서 계속보는중인데 저거 ㄹㅇ이냐..? 하.. ㅆㅂ 사스케 보고싶다..  진짜언제 이렇게 신급 최강들이 되었을까 옛날생각나고 나 중딩때생각나고 뭔가 슬프기도하고 좋기도하고 감격도하고 여러가지감정이 복잡하네.. 아무튼 나루토는 진짜 애니중최거명작임..,Trey,2022-06-15,8,2,0,자유게시판
21,인사,안녕하세요,ofi07,2022-06-16,0,0,0,자유게시판
